year,all_ff_emissions,all_lu_emission,CH4,CO2,N2O,NMVOC,NOx
1750,0.00253982996724891,NA,24842.621574477664,8576.75673104378,365.30529839373344,7023.840090962649,185.57057188008818
1751,0.00256747516375546,NA,24909.216934607764,8576.75673104379,366.2638464555261,7042.732982823947,186.06611846081455
1752,0.00259420524017467,NA,24975.81612022946,8580.117529135901,367.2222573087285,7061.595322956437,186.5655599374426
1753,0.00262295032751092,NA,25042.3770525089,8580.117529135903,368.1804146944377,7080.416010626795,187.0604253813975
1754,0.00265654475982533,NA,25108.94181013812,8583.478327228024,369.1384347930326,7099.206145932292,187.55918578493635
1755,0.00267288973799127,NA,25175.489353735684,8586.839125320103,370.09625944017523,7117.960178665282,188.0576056678509
1756,0.00270467085152838,NA,25245.701525478133,9178.339589530007,371.0640684823911,7137.649172541962,189.29691635514672
1757,0.00275489519650655,NA,25312.214628612954,9181.70038762212,372.02150473384836,7156.330944475021,189.79466076896782
1758,0.00278830731441048,NA,25378.7105177162,9185.061185714228,372.978745370349,7174.9766138355735,190.29206466216354
1759,0.00282173962882096,NA,25445.189192787697,9188.42198380633,373.93579033737177,7193.586180623619,190.78912803473497
1760,0.0028696318231441,NA,25511.62961501282,9188.42198380632,374.8925813484827,7212.15409717575,191.28161515174725
1761,0.00293337472707424,NA,25577.08488917229,10065.590285844908,375.77577458919336,7230.438769131237,192.85591105432457
1762,0.00298913700873362,NA,25637.05312607637,10068.951083937001,376.64361950348314,7247.244955331779,193.32857544094804
1763,0.00305447379912664,NA,25697.004417556043,10072.3118820291,377.51125633641914,7264.0150482636245,193.80089939471907
1764,0.00311053002183406,NA,25756.93876361171,10075.672680121192,378.3786850360377,7280.749047926804,194.272882915638
1765,0.00317780731441048,NA,25816.856164242956,10079.033478213292,379.2459055503715,7297.446954321266,194.74452600370353
1766,0.00324128820960699,NA,25884.03590225603,11245.230416172626,380.13309840779004,7316.027598760106,196.68145904810694
1767,0.00331673280567686,NA,25943.91938752361,11248.591214264738,380.99990778589387,7332.653208579482,197.1524322874135
1768,0.0034025480349345,NA,26003.785927366876,11251.952012356827,381.86650882293816,7349.242725130161,197.6230650938686
1769,0.0034880114628821,NA,26063.63552178593,11255.312810448928,382.73290146695865,7365.796148412144,198.09335746747053
1770,0.00357456768558952,NA,26123.46817078076,11258.67360854104,383.5990856659899,7382.313478425452,198.56330940821928
1771,0.00364887772925764,NA,26335.81228811883,12485.364912158177,386.59058086518553,7445.647734495798,201.28518904366405
1772,0.00371820605895196,NA,26540.473431490922,12488.725710250279,389.56116700662204,7506.903783155161,202.46457914716825
1773,0.00376859661572052,NA,26745.109471552598,12492.08650834241,392.5320966087415,7568.09981626201,203.64340313589827
1774,0.0038243490720524,NA,26949.72040830404,12495.4473064345,395.5033690695491,7629.235833816321,204.82166100985194
1775,0.00391346069868996,NA,27154.30624174506,12498.8081045266,398.4749837870487,7690.311835818117,205.99935276902943
1776,0.00399948799126638,NA,27366.945441408145,13792.715369985808,401.46939775097377,7753.456171051643,208.8031962588734
1777,0.00408284306768559,NA,27571.481041020714,13796.076168077858,404.4417012959084,7814.412019825582,209.9797680154004
1778,0.00416033924672489,NA,27775.991537322967,13799.436966170018,407.41434529168123,7875.307853047015,211.15577365715203
1779,0.00423996588427948,NA,27980.47693031479,13802.797764262092,410.3873291362981,7936.143670715934,212.33121318412844
1780,0.0043337134279476,NA,28184.958257394028,13809.519360446304,413.3607107748243,7996.9250141351695,213.51032296808143
1781,0.00443078138646288,NA,28299.267624064112,15449.58882939195,414.79719454984456,8028.639725716584,216.267600952155
1782,0.00452536954148472,NA,28403.309858814795,15452.949627484119,416.2048976777334,8057.605682050328,216.96129293629122
1783,0.0046568643558952,NA,28507.35121149058,15459.671223668254,417.61239102933035,8086.5270379714275,217.6587484313327
1784,0.0047683114082969404,NA,28611.349607650474,15463.032021760402,419.01955728323253,8115.3927124643315,218.3514945345723
1785,0.00490314601528384,NA,28715.350665649727,15474.747609952276,420.42656852425114,8144.217851842597,219.05784677703244
1786,0.0050347972161572,NA,28832.39022013546,17568.52482133174,421.86967459952433,8176.428747984262,222.38478905974262
1787,0.00514714246724891,NA,28936.343851275113,17575.246417515944,423.2761032802354,8205.149341138056,223.08037272538579
1788,0.00526370878820961,NA,29040.254526182296,17578.607215608004,424.6822042158448,8233.814254135754,223.77124687186193
1789,0.00542124044759825,NA,29144.16431858945,17585.328811792253,426.0880946000729,8262.43456481264,224.4658847202905
1790,0.0055671653930131,NA,29248.05219159493,17592.050407976454,427.49371562588976,8291.004734092065,225.16004967603146
1791,0.00571281359170306,NA,29291.174772913535,19648.85884034276,427.9365147286901,8304.999851965053,228.1713413791964
1792,0.00598504776200873,NA,29322.998927658242,20111.44788108052,428.3592192920655,8316.253864514627,229.73885586849866
1793,0.00608549699781659,NA,29353.285678998345,20128.853870496445,428.76585216804676,8326.776870314101,230.19148169321966
1794,0.00614619432314411,NA,29383.373668599546,20096.60002448274,429.1704227169073,8337.169088370923,230.52345588375772
1795,0.00609040556768559,NA,29413.596310748344,20106.883085077534,429.5760664620335,8347.571334374488,230.95721425463614
1796,0.0060374931768559,NA,29449.610759156854,21082.96972533835,429.9997043939567,8359.498904049959,232.70980436656643
1797,0.00602895141921397,NA,29486.26703291675,22132.341395347998,430.4229953556631,8371.501279395245,234.46577681786556
1798,0.00630620332969432,NA,29522.056241770657,23051.243938721105,430.84383439836904,8383.232186180016,236.07004502413628
1799,0.00750142112445415,NA,29559.677485264183,24277.383772704758,431.2701405559183,8395.410700447681,238.0921261110629
1800,0.0089515152838428,NA,29597.694145090805,25821.703095353478,431.69602560953797,8407.418011197424,240.12395164718947
1801,0.00872981713973799,NA,29776.46391960701,25909.00183428711,434.28264700411853,8466.30003732428,242.30607638911073
1802,0.0110017666484716,NA,29985.274297277636,36295.55978556784,437.01467487987827,8538.025426006307,255.742149806148
1803,0.00806181932314411,NA,30154.408945299394,29289.425324163116,439.50651402064784,8588.898519653096,250.43525784561496
1804,0.00867062691048035,NA,30352.40391940117,31776.39073909702,442.11374729220233,8652.26740320351,253.73965876604703
1805,0.0085294260371179,NA,30521.68235790171,31084.335954751903,444.6902911798311,8708.036314007335,255.8254861172236
1806,0.00892593395196507,NA,30710.116130076105,32656.826650519237,447.30024153654256,8768.911311529355,259.88419997294847
1807,0.00988009115720524,NA,30894.08248672912,33803.769353899275,449.87751989002066,8827.909727835278,261.58872166595177
1808,0.00968826118995633,NA,31067.589562141864,32775.433681294126,452.4587319954847,8885.088971046702,263.653969737069
1809,0.0099164336790393,NA,31246.31412767507,32799.0628874502,455.03329606557884,8942.931785885827,265.26423891264017
1810,0.0107784694323144,NA,31441.95619890127,34894.25741102152,457.6352946280639,9005.15703921339,268.5657701874467
1811,0.0109652513646288,NA,31572.212640685902,36968.01125426097,459.29517706890863,9048.609254338016,272.7832996393991
1812,0.0111393348799127,NA,31698.44795871069,38263.73740530297,460.93992301226547,9090.966730100685,275.78681348059865
1813,0.0112462169759825,NA,31816.997806420637,38473.858588805495,462.56654190996613,9131.21393693294,277.6197791929543
1814,0.011524739628821,NA,31939.697196826917,39367.95686454872,464.2037031073269,9172.439171834994,280.31564453744636
1815,0.0118960876091703,NA,32064.990745397812,40592.19354347427,465.84338605190214,9214.21385532805,283.1541722263977
1816,0.0124171880458515,NA,32203.244544140056,44146.40761309645,467.49597281068407,9258.712530848337,286.7468645439305
1817,0.0134486686681223,NA,32328.475294985084,45233.276136122826,469.1257096334003,9299.916355642577,288.93070011685586
1818,0.0140262036026201,NA,32445.88420977746,45473.63760632239,470.750303856651,9339.440468262315,290.90785019509605
1819,0.0139001547489083,NA,32564.889488218025,46053.22316829249,472.3705013095445,9379.712983584734,292.4634294630374
1820,0.0138463629912664,NA,32686.407812419675,46788.172880247665,473.999194825073,9420.346082461827,294.62352363509535
1821,0.0142083376091703,NA,32912.24906368961,47499.09231792839,477.3726453356918,9496.89853252514,297.76955054036523
1822,0.0147439170305677,NA,33145.69561596846,49397.98680970933,480.7646075292377,9575.209952978066,302.32248792059886
1823,0.0153814855349345,NA,33383.99172593737,52169.01452792827,484.1760667089852,9654.53156639756,308.56399334915284
1824,0.0157160581331878,NA,33619.13053403007,54623.22037669987,487.58276287900867,9733.502381751121,314.26457046576905
1825,0.0165750182860262,NA,33851.30537913273,56059.03127998568,490.9559072415663,9810.457663176057,317.7299998134237
1826,0.0167527647379913,NA,34076.62058924942,56800.91093680781,494.3191570084457,9885.996265695952,320.4825776367607
1827,0.0179417489082969,NA,34326.05911079339,60822.324008305986,497.7402266384952,9967.656285439847,327.3232862129129
1828,0.018199178493449798,NA,34552.066242721754,61489.661610872114,501.10029460622513,10042.851823387382,330.0771378202817
1829,0.018097,NA,34773.40297819882,61933.5094945282,504.4662481076954,10117.246598627098,333.3933998755007
1830,0.0242871875,NA,35097.51428504527,84242.08706250774,508.1886376730595,10222.5077138521,363.0085751932759
1831,0.0227212377183406,NA,35294.89040198329,79434.38459485772,511.4995161721422,10292.957731601176,360.10120723229585
1832,0.0224049009279476,NA,35515.96724619325,80882.11184988791,514.9284456916902,10372.001919240152,365.58106421514776
1833,0.0227207158842795,NA,35741.44043775257,82423.64570140849,518.3425015967217,10450.830706830655,370.09286994771674
1834,0.0242257399017467,NA,35971.67574262625,83995.68085513316,521.7431209815816,10530.514422828437,374.4984161143101
1835,0.0265828586244541,NA,36195.05250932704,85876.0352051149,525.162288492528,10608.848762863401,379.69429842292004
1836,0.0291742617358079,NA,36491.390349367044,99813.300942121,528.7926374706935,10706.779608307137,400.1100075082288
1837,0.0289845584061135,NA,36703.8564887978,100086.72714505738,532.1740787303082,10781.859610142317,403.23169031357986
1838,0.0288878987445415,NA,36939.03416938604,103508.52892222987,535.5994716814531,10862.026127210826,410.4216058588796
1839,0.0299271381004367,NA,37169.275573690255,107508.7404283946,539.050022435014,10941.846736582826,419.11071775431583
1840,0.032425903930131,NA,37417.34434840211,113992.21612069679,542.5227405138754,11025.156384879456,429.6559895421759
1841,0.0333421252729258,NA,37631.89719946336,117681.66745958308,545.8554857197558,11105.510538627776,437.40303055500954
1842,0.0353135341157205,NA,37856.338397459986,123967.00418785663,549.2286505473351,11188.039725642204,448.2912050022818
1843,0.0361270166484716,NA,38068.03152919265,127513.95764708123,552.5757592568656,11266.636212069296,457.2139034945932
1844,0.0387397044213974,NA,38297.78481978858,136133.28681546164,555.9984330669636,11351.1544600675,471.8343995391724
1845,0.0423136894104804,NA,38559.14917238621,148822.55240537875,559.475256546141,11442.537536669384,489.87945405445623
1846,0.0430284192139738,NA,38739.72800173861,152412.23272208608,562.7817989901124,11516.303894670034,499.93266962589104
1847,0.0465995919759825,NA,39002.81832495312,166269.036201964,566.2867112541871,11608.693401882578,521.0870231033501
1848,0.0473744227620087,NA,39193.60462611665,168618.87404062104,569.6101277278756,11679.537116953303,530.2759039476241
1849,0.0504727068777293,NA,39434.60036755572,177470.05828804852,573.007164632177,11762.664457122468,544.5573849967124
1850,0.0536986806768559,0.72141,39692.050835427384,190248.4261163175,576.6037185276296,11852.184709279132,565.0697579140452
1851,0.0542216427401747,0.74588,39848.279407136724,193009.34765914865,579.4690243374366,11907.878339546849,571.5861484105677
1852,0.0566086834061135,0.758793333333333,40049.021113657764,202724.56453154466,582.4997169750035,11986.836286288883,587.5995572533077
1853,0.0592577617358079,0.774983333333333,40263.63052649682,213370.09394767997,585.6026487144936,12072.847852602034,604.3129421942899
1854,0.0696051225436681,0.78471,40627.770200751256,249112.72057313815,589.1323223368333,12199.075642321566,651.3257266141829
1855,0.0709891905021834,0.787466666666667,40810.96690901193,254239.98229012958,592.1798012359197,12276.894367736584,661.0331978450981
1856,0.0756813444323144,0.79182,41069.007367020946,270213.80073262827,595.4739883940855,12373.813556263382,690.0362272750124
1857,0.0764006593886463,0.802533333333333,41245.827733324295,273146.62195619044,598.5481169444756,12450.352229877863,703.4868751991853
1858,0.0775723676310044,0.8079,41419.826804851116,279179.2772523775,601.6655056692506,12531.358207945006,721.8432037924262
1859,0.082282004639738,0.821333333333333,41686.45713174502,296972.01490941894,605.0654195592568,12633.816458640593,756.2595779493583
1860,0.0903282150655022,0.77922,42006.61496674232,323848.2314120076,608.5854695260556,12753.674451294937,803.9671518701167
1861,0.0949197087882096,0.75109,42282.89057943432,340638.6251252316,612.0509541846784,12835.9962437593,842.9133547519104
1862,0.0967491552947598,0.74433,42491.14268728374,347801.29297332745,615.4386348080375,12909.217823529505,868.8853510704411
1863,0.103215104530568,0.740703333333333,42795.937028463806,371270.4813456824,619.1808240169479,13005.911668547475,908.1370457138097
1864,0.111278923034935,0.73348,43130.66561917082,398962.24919328775,622.9783670957222,13103.600376674025,954.0456894253758
1865,0.118138408569869,0.720583333333333,43445.84411591498,423459.30080427276,626.6958625486579,13203.750611159025,1003.2060297812138
1866,0.121875978984716,0.725536666666667,43730.69244917372,436850.2117602019,630.4950923029635,13314.937401604142,1041.935746554278
1867,0.130502387554585,0.728933333333333,44056.391405432856,470534.6921699116,635.614080855532,13477.026449160989,1096.6706915737893
1868,0.134157192958515,0.721026666666667,44281.71988661991,485111.9398498907,639.3506096973965,13549.289832239092,1128.0427860012917
1869,0.14245475,0.7168,44596.88914909724,516228.76492487825,643.4822127044889,13657.950280764506,1185.5770903436246
1870,0.145561748635371,0.77875,44836.750093143346,530226.7134620211,647.9047382400073,13813.225701068704,1224.9650682157403
1871,0.154719261462882,0.806343333333333,45296.46224031203,569004.2316240767,653.747435001238,13910.45643523533,1305.0490804862877
1872,0.171206673034934,0.819853333333333,45879.60182851516,636721.4330276123,660.375467542781,14061.74571494848,1411.0969991079637
1873,0.181899896561135,0.838233333333333,46380.67869215609,680943.390323241,666.5698457426053,14200.634061356197,1507.3894364669663
1874,0.170369138919214,0.854086666666667,46561.81320326104,659363.700401499,671.5170098308531,14231.969018412708,1517.289842118328
1875,0.184801807860262,0.860353333333333,47104.674498310735,700207.3095453184,677.2147064672738,14333.256064111238,1573.3818218999074
1876,0.187440017740175,0.868613333333333,47463.62414076693,712838.7913175739,682.4972037672052,14407.769962304685,1624.2995610075734
1877,0.191158406386463,0.88457,47849.97560096541,728415.2330877264,687.8717973208272,14511.799701930071,1672.6988082713688
1878,0.192678373362445,0.900653333333333,48203.57856002017,737474.0605262521,692.9248016123663,14590.681613770226,1710.3798770349106
1879,0.206329279748908,0.90901,48697.52212425449,795125.6991819923,699.4649814009788,14751.898939471896,1818.255830765731
1880,0.23305578930131,0.920753333333333,49381.29744507661,909524.0201598348,706.9579048000445,14987.72523734371,2015.057604352718
1881,0.241141938318777,0.911426666666667,49988.99705706869,928392.6758340858,713.9856493319897,15078.75670594036,2072.8793763026542
1882,0.254738028384279,0.929426666666667,50593.80017372961,984132.7512815751,721.6156714150998,15211.743919162713,2172.0799137894965
1883,0.270948036299127,0.94857,51247.36947297245,1049080.5327760023,729.2402497325862,15309.269267692554,2256.571684803265
1884,0.274054061408297,0.950763333333333,51700.87564927779,1063140.369927604,736.1971909319321,15387.423705080506,2301.4096564354545
1885,0.276101837336245,0.94917,52151.66527032728,1074221.7370047297,742.946948104322,15437.120428589275,2343.8782346423777
1886,0.280408709606987,0.96229,52639.04495332565,1091925.8707190682,749.6496359924665,15537.290866819265,2433.955169132014
1887,0.294417802947598,0.978046666666667,53277.420300328544,1148658.228337975,757.4442894069647,15665.59255245555,2560.2349214620936
1888,0.325969608351528,0.980613333333333,54099.19063172541,1274182.2582138502,768.0249462303013,15882.830154252744,2779.117328628615
1889,0.326043685862445,0.978453333333333,54613.86174901221,1272524.9914911436,775.2832556092739,15975.789453618556,2836.794896840688
1890,0.354902375818777,1.05047,55441.81266233583,1386533.3516622554,786.1153287288897,16261.563821637277,3065.984245365566
1891,0.371656708515284,1.07966333333333,56110.31001120304,1452423.1355680767,795.8202629270993,16453.09071924929,3215.2181174479847
1892,0.374562358078603,1.09125666666667,56542.51912379599,1466865.5722188577,803.6390886215382,16510.094107524616,3227.294276708741
1893,0.369944689137555,1.11232,56838.39059299561,1454938.8472341946,811.0374468093892,16532.932884726888,3218.779453091538
1894,0.382920077783843,1.12211333333333,57536.540784753684,1506699.0148058392,819.5730266931189,16623.29061012171,3328.9074979644665
1895,0.405958618176856,1.13303666666667,58302.51490544243,1599293.6827814118,830.5839360888053,16871.133970764018,3518.317238992059
1896,0.419313758187773,1.14455666666667,58922.76072922232,1647957.9227031702,840.0199075450582,17007.894251154175,3673.6870087540597
1897,0.439200754093887,1.1484,59643.26470307328,1725440.8676734273,850.1128815824119,17170.31769622437,3837.288994601194
1898,0.463200439956332,1.15693666666667,60377.16481612273,1820809.3877500312,860.9239126829667,17339.92062011976,4008.9513008016884
1899,0.50592500518559,1.17317666666667,61352.3717999659,1991619.263550831,873.5496874638368,17634.661442874094,4308.484294707349
1900,0.532808265283843,1.19468333333333,62213.338238641474,2103069.277164467,885.6359186201886,17915.705367169652,4570.095749016245
1901,0.550421528111354,1.20577666666667,62911.865840493134,2174827.862254405,898.1094694488936,18283.119089735697,4809.500232379689
1902,0.564324221615721,1.22443,63532.291384723605,2232268.588827036,909.6717534115128,18593.377506330133,5036.687854782545
1903,0.615202006004367,1.22709,64572.360062589345,2434098.787104654,924.9144216066644,19133.20047809965,5462.15081447526
1904,0.62220180540393,1.25089666666667,65156.54085125524,2463630.46449822,936.6127987520713,19459.074382800296,5709.714849086736
1905,0.662477723253275,1.25490333333333,65936.41965140443,2612907.4794769892,949.6818629671939,19865.65220368043,6069.872574938483
1906,0.691794005731441,1.262,66880.12705517956,2794417.822805713,967.1068451891174,20279.743338229317,6460.6058853618215
1907,0.788296394650655,1.2736,68456.37095462675,3126270.4753302573,990.9624454570991,21174.040423220424,7239.58518390465
1908,0.757762264465065,1.28418333333333,68695.22426111922,3019912.944428556,1003.4257227454165,21314.97023202419,7292.607482505433
1909,0.788890496997817,1.29526666666667,69543.86565086013,3130427.303119148,1021.9938569737518,21755.452113495634,7594.307907110822
1910,0.828081281659389,1.26711333333333,70439.01499237341,3297422.648892575,1038.9930860106863,22256.168300444544,8020.252406585906
1911,0.840475438591703,1.25776333333333,71306.70143952205,3359184.6158844642,1052.376427930215,22627.630511739633,8304.640848244591
1912,0.883177842521834,1.24175666666667,72131.98807280947,3534226.5161247267,1068.2935065526542,23001.059973251038,8688.74687811142
1913,0.95695299099345,1.23871,73581.0076869865,3785216.9641395654,1088.6453708236731,23781.107194639444,9407.177467858175
1914,0.868000976528384,1.23809333333333,72977.90835032125,3409591.4702736936,1093.3837646807644,23534.132874503117,9094.013946572562
1915,0.855582439683406,1.22549,73447.85987026803,3373356.1485918746,1105.7547561147574,23734.949783889624,9340.55848658746
1916,0.924087991266375,1.21257666666667,74836.33338206724,3635709.5024520485,1126.8282416053444,24358.619833084584,10171.150505682514
1917,0.966273661844978,1.20861666666667,76053.89369789649,3756254.0825751727,1143.9220144140043,24862.425656748554,10761.86143363163
1918,0.953401784661572,1.216,76051.93858942883,3693615.620044561,1155.8132528981835,24990.979222784634,10983.035139118034
1919,0.826693927401747,1.20450666666667,75408.09730327368,3200710.349937134,1158.9522094106246,24776.594795342164,10661.191669296362
1920,0.961088262554585,1.25775333333333,78280.77248342587,3698208.3530066255,1190.926820036515,26198.233540760397,12199.063245926196
1921,0.843367001364629,1.29143666666667,77677.22417621275,3230837.215107128,1196.4507552274765,25902.597294630326,11774.29838255493
1922,0.884365140556768,1.30842333333333,79310.88478553217,3404778.830508711,1230.3871842486071,26871.44670840469,12734.607072285482
1923,1.0033387393559,1.30676333333333,81172.19094919278,3814102.8960727793,1279.8409777658903,28500.651394654917,14052.897999950903
1924,1.0063373919214,1.31194333333333,82218.49156609329,3860590.3054563357,1306.0331122580365,28681.941971766584,14351.98448983326
1925,1.0172035433952,1.33044,82927.41476107088,3907723.342719421,1350.8120550459912,29290.47362430943,15006.396033680949
1926,0.999189575873362,1.32595666666667,82897.70197481432,3952838.2285531787,1377.5761624715324,29538.405410017007,15424.064478868886
1927,1.09064645005459,1.32828333333333,85603.6490930138,4259061.98931299,1418.2362542357894,30957.93861366302,16757.73798811958
1928,1.08590698225983,1.33053333333333,86591.27437185463,4253686.675562959,1446.137892608345,31287.294921381625,17174.30869105922
1929,1.1656407944869,1.33435666666667,88738.17648276476,4574596.675961916,1501.005651425834,32628.44587309517,18572.86401732111
1930,1.07494500791485,1.35479,88595.92144335309,4210789.527689567,1501.8959690176919,31874.391779104677,17441.55577046248
1931,0.960672279475983,1.37426333333333,87984.13929668293,3790383.6027257163,1500.4581890696418,31229.164023195408,16386.43094571475
1932,0.866123448144105,1.38963333333333,87611.31754755796,3436027.639410969,1488.1009149462654,30540.0207074679,15390.874832589703
1933,0.911986408569869,1.39528666666667,89059.61440128413,3624020.235326745,1517.554230267139,31570.346449327502,16144.393982035614
1934,0.99187820878821,1.40867666666667,91167.20584631832,3941576.84800278,1547.5409389438046,32381.278537484977,17082.175954879007
1935,1.04115675545852,1.40952333333333,92793.7014127793,4140467.045887026,1578.600385816174,33386.11866348626,18093.287785375127
1936,1.14233454612445,1.41656666666667,95023.22644415063,4541534.284023344,1637.086863883408,34800.453664489265,19608.04000083956
1937,1.2211334121179,1.41277333333333,97374.49730272107,4845996.451848653,1697.2021841114497,36490.10440559799,21172.713061085175
1938,1.1481716599345,1.42021666666667,97444.7488378688,4551219.25780977,1720.3328722534889,36011.06825232878,20172.359507754514
1939,1.21486007368996,1.42093333333333,99162.1526218417,4814509.783214001,1766.4134389842782,37075.44532593788,21362.59931481321
1940,1.3267864290393,1.45796333333333,101050.29427168155,5318812.819988962,1821.5310122545895,38208.29360949571,23229.004113815416
1941,1.35666332996725,1.50509,102904.30596862585,5439975.813218171,1863.54916655705,38789.202439282555,24003.00025892536
1942,1.35359881768559,1.51475666666667,103859.0872400299,5430056.445217595,1881.0745416890131,38395.38513346159,23985.306570619894
1943,1.37600827101528,1.51172,105970.43798868042,5643907.684764675,1928.9179218395716,39552.49282024283,25182.607262968373
1944,1.39680913509825,1.51191666666667,108630.13152294511,5565480.87271879,1986.155620180425,40972.272749421456,26387.480454348402
1945,1.1618821875,1.50257,107040.94322414954,4717412.852096874,1983.7688447164785,40146.0607526352,25096.761076744588
1946,1.26804683515284,1.49829333333333,109663.37799015957,5002315.254702188,2038.4691874592836,41067.31496271046,26037.129356514753
1947,1.40441643558952,1.48568666666667,114314.74752223548,5576558.754156717,2114.0824001161855,42307.35578668723,28140.51342592225
1948,1.48060935944323,1.46522666666667,118134.76075264972,5880508.477733157,2188.8387283521347,44620.03795123915,30079.361907972463
1949,1.41402994868996,1.45104666666667,120034.28476938799,5743453.624158261,2217.4323150858672,44431.69432911782,29144.171170923826
1950,1.61827010616812,1.65586,125053.62370663059,6271388.526972695,2474.210226657806,47796.00146053549,31835.89455305852
1951,1.74165005349345,1.68199666666667,130348.81019833592,6731098.323316231,2715.390345276447,50206.988011606205,33695.933922028606
1952,1.76513020223799,1.72075666666667,134000.6760345977,6856933.793393112,2906.801880554237,51632.43675365058,34844.311962459455
1953,1.81519140966157,1.75142,137595.19589131707,7004132.373529741,3051.3344801873077,53134.8330823618,36035.53044683834
1954,1.8530287510917,1.79373666666667,141780.1922090209,7183083.520146233,3225.9200709758106,54669.35396057962,36966.56952602812
1955,2.0316213919214,1.8541,148599.0263690817,7826446.137709927,3427.6997449633855,58312.198019835705,40251.35321560426
1956,2.16320426582969,1.90846,154843.06660792432,8316455.697199771,3582.1110380862124,60918.25196522755,42534.274216692975
1957,2.23406485207424,1.95766666666667,160510.2074147811,8567465.034561187,3385.403606191793,62490.88981190286,43905.27467718494
1958,2.29725973608079,2.01469666666667,165483.46737087515,8875590.389423206,3551.570013209644,64258.17910168471,44688.44313609208
1959,2.4166654555131,2.12152666666667,172116.63279001083,9278978.84379533,3687.5835496672594,67028.45568581074,46385.83397272518
1960,2.56179621042576,1.86440333333333,180168.13039007247,9865159.534056798,3843.0874226553237,70030.08540884138,49249.655525691116
1961,2.56942751473799,1.78748333333333,185977.36386202462,9893585.751152381,4327.076570252502,71498.07832145222,50882.32230066203
1962,2.66008623335153,1.65775666666667,193941.79258842985,10266387.146079794,4488.668124298251,74306.28228176339,52965.21604020032
1963,2.80186878138646,1.60405666666667,201931.86491258224,10838904.307003321,4677.043708336552,77423.88341990983,56076.371345227344
1964,2.95404422434498,1.56525333333333,210388.57488380786,11363375.745612735,4851.59297639704,80636.78738678031,59601.52569741296
1965,3.08670558679039,1.42073,218611.4601342987,11855612.32595554,4991.992525483805,84125.28311006332,62407.09571761972
1966,3.23736585234716,1.37405666666667,228106.08595276764,12371659.371164706,5099.549315724924,87905.54583394266,64728.65574263722
1967,3.33960930131004,1.41120333333333,236619.83392427018,12749093.883415548,5189.605133590669,90796.31990839525,68009.70852730182
1968,3.52192568995633,1.42804333333333,247392.2335571344,13448297.762851173,5306.732848615588,96140.95578222974,72889.25127216247
1969,3.75568760944323,1.34048333333333,259328.76993013965,14162712.39218447,5406.69535463818,101129.36378898368,74939.29492960242
1970,4.06609071206332,1.3957933333333301,275580.9017920036,15186284.231812814,5558.021661149005,108850.55249805041,79906.9557586638
1971,4.23110963755459,1.31531666666667,284698.91931998625,15674175.92194429,5672.623230239207,110735.68670833082,82454.40023190567
1972,4.427794680131,1.31611,294307.97977232916,16404900.49287457,5841.2136363399195,113772.56183806405,86086.94116769043
1973,4.6625274555131,1.28146666666667,309862.00861222146,17392680.945554134,6085.813383900161,117373.82346957135,91052.0497526393
1974,4.6422986154476,1.24567666666667,312418.917255052,17311215.54848076,6177.127997202652,116375.50503187973,89928.61016573747
1975,4.65337864383188,1.25895333333333,306692.12927518797,17214880.19255842,6367.741440021036,115262.9864477134,89239.62788176918
1976,4.90863673635371,1.25295333333333,320455.61635596503,18161623.610391513,6497.841704852768,119337.57990438696,93266.33912487126
1977,5.04766691348253,1.25306333333333,319807.62783148634,18684267.67169879,6601.770624847599,122145.42900948253,96002.55334512099
1978,5.20304449317686,1.21627666666667,329985.5419607326,19749003.72542826,6819.14133233137,125310.1459395646,98517.28482763507
1979,5.35016435889738,1.15437333333333,331839.349835311,20257915.385356605,6989.3158629750005,127597.48356602513,100958.55923166427
1980,5.31725999290393,1.20265,324433.0667669051,20051601.607700884,7030.894089775018,125753.43944084962,100003.8953648129
1981,5.19021532805677,1.27044666666667,308405.203590162,19675435.896074824,6950.6154587369065,123601.09779521791,98157.92115323746
1982,5.14884639492358,1.27638,307360.0263082931,19444822.62330224,6771.903414770676,122096.78576301194,95810.14323437835
1983,5.181741625,1.40821,303951.4575037853,19546254.376379166,7049.6684104411515,121946.61935667408,95834.47600275646
1984,5.36073380322052,1.62853333333333,301967.04737240303,20090520.583025277,7191.7479138880335,123219.50758770526,98308.51935667156
1985,5.54179326419214,1.50226666666667,300815.48312353715,20373985.644701853,7105.449769801832,123365.02997500762,99690.07522489979
1986,5.62432119050218,1.55371666666667,303259.78529544384,20698050.66616761,7173.809169502875,125144.3999569803,101992.79860527301
1987,5.79852154039301,1.50506666666667,302956.49798977154,21346289.31293917,7285.603806704927,127109.17907901632,105591.41064909875
1988,6.02548713755458,1.44615,309029.27337839257,22049798.01960562,7369.973056357726,129786.52028462404,109260.04499176606
1989,6.10779735316594,1.43036333333333,312713.80820972245,22432181.17398979,7434.103695159344,131192.65958330582,111416.72897935763
1990,6.20979810971616,1.41018,315199.04296142614,21962588.997072395,7671.3156493343,131227.85600931544,112241.22242465908
1991,6.3399222510917,1.35003666666667,314208.07016229787,22014912.694825567,7627.908981209909,131676.84947499252,112870.1788993226
1992,6.15917002374454,1.42552,310463.7309816181,21871446.264728907,7610.2383840401935,132151.93753842343,113425.21531080107
1993,6.2222571779476,1.39985333333333,307930.13537937787,21984253.743891753,7608.0235700588655,132750.98446254493,114633.81212133718
1994,6.28678359143013,1.57653666666667,309374.7573076136,22157011.296500288,7677.708040868138,132089.50822130777,114350.49501628744
1995,6.42043993531659,1.53916,310756.3565002836,22682557.95977106,7962.478974758084,133821.93349238567,116051.03713668999
1996,6.61849423417031,1.63682,315157.6605228893,23191481.04939066,8132.631374369028,132940.79687483702,117872.64481876275
1997,6.65828343668122,2.04175666666667,314731.73822625016,23569613.198422052,8052.064509812568,133959.0237000152,117792.12130798433
1998,6.6405419375,1.68262333333333,310391.48031885247,23685907.462832782,8026.618552811426,133018.04643131618,117154.25080037593
1999,6.7777004989083,1.63864666666667,308190.82820402057,23897877.08733578,8006.244163570843,131704.7782344061,116041.47459388596
2000,6.95995845387555,1.46715666666667,309794.6414772603,24692360.7329297,7945.306988663295,132735.10167144984,119309.92477810195
2001,7.00734998444323,1.3745,310673.8253617248,24932846.467099328,8041.731158740745,132557.69904138634,118932.87635620566
2002,7.16383445933406,1.46975333333333,311134.7248822567,25372394.308490682,8100.352667874904,133051.79332095967,119079.01739699492
2003,7.5460287404476,1.59212333333333,321592.8118190286,26576501.326848768,8285.211356878317,134608.90884484779,122218.71092949953
2004,7.81118793941048,1.47211,331332.15527437883,27893938.5103358,8543.030665974728,137495.58886897936,127323.58151699397
2005,8.07644728848253,1.33512666666667,336180.41466326383,28839625.4045793,8584.594934233772,139359.41405248793,129851.76798397646
2006,8.35310239492358,1.42868666666667,341951.5305173692,29865704.74829698,8672.257674505776,140480.74339747036,133192.6856076794
2007,8.59708897789301,1.24346,343427.8523262127,30994763.444046926,8892.74748747663,140906.52986528343,136064.811396343
2008,8.74506073280568,1.29388333333333,346823.63234738185,31259789.493861206,8865.939950452124,140761.4586268862,136058.35637927952
2009,8.59532384716157,1.42908,345583.66663608863,30678356.817568503,8958.486854647168,139783.27319876704,128778.31626365583
2010,9.0901550169214,1.41307666666667,351942.4021221088,32391298.965681676,9089.432786422913,143040.82910276265,127338.15628583322
2011,9.39860004012009,1.42412666666667,354921.8972346117,33302526.602014147,9184.790563051241,145475.15553928993,132525.51617671383
2012,9.53478530867904,1.45884,356663.1616143732,33633240.16491071,9132.789298473777,148736.6878119401,131613.3731689306
2013,9.61584800982533,1.32608666666667,358425.9324418893,34253179.5807107,9400.076436320436,149035.7016065854,129164.78906427062
2014,9.6796383294214,1.42311333333333,360332.84776569664,34449147.42945438,9554.073397195703,149987.06845497285,126817.95875368148
2015,9.6788249893559,1.53664333333333,359770.67716615327,34501857.57409666,9583.586380375731,148974.56924381945,124815.87387679945
2016,9.67795459907205,1.25518333333333,357309.03346521885,34493063.226544835,9577.935583712628,148276.48604420197,123159.48098973262
2017,9.83227384306769,1.24590333333333,357485.1463660322,34985111.57076131,9610.590559584914,148509.8290521684,123000.12317158986
2018,10.0346465906114,1.16952666666667,360716.5480433096,35863131.49239048,9692.57470597083,147521.7960191329,122127.5361405556
2019,10.1091985229258,1.25478,362144.40584740025,36040300.690240785,9719.044242711823,146667.54546049546,120954.51033749139
2020,9.55451389737991,1.17226666666667,NA,NA,NA,NA,NA
2021,10.0481829803493,1.17947,NA,NA,NA,NA,NA
2022,10.1391333875546,1.17629666666667,NA,NA,NA,NA,NA
